Aggiudicatari;Importi;Categorie
1;4430;3
2;9450;6
2;9835;7
4;15409;1
5;8265;39
6;10000;25
8;88800;27
9;4408;19
10;7922;1
11;12736;41
270;7500;18
13;2700;12
12;75822;27
3;9450;6
3;9835;7
3;8826;21
3;1454;5
3;33033;45
3;30000;40
3;24793;24
7;51582;41
15;3967;1
16;18784;2
2;8826;21
17;7388;14
18;19470;3
19;6180;1
65;1454;5
20;630;6
21;8609;6
22;3697;29
23;2532;28
24;446159;33
15;2459;36
25;6800;11
26;4104;29
27;3000;23
28;39438;39
29;17450;21
30;363;43
30;114;16
31;21347;29
32;5500;47
33;5736;43
34;62535;30
35;87865;26
29;144541;21
36;6452513;28
37;12295;15
38;873000;17
38;43500;27
39;631;35
21;65573;18
40;14248;2
41;6000;28
42;745;29
2;33033;45
43;9917;4
44;30000;33
2;30000;40
45;11190;23
2;24793;24
10;24793;43
46;24699;32
4;21854;14
47;2704;17
48;13000;10
49;14405;19
50;712;28
20;1600;8
51;2250;45
52;4990;23
53;8197;36
54;2450;42
19;3000;44
55;4455;47
56;3900;33
46;9000;23
57;2912;4
58;7320;2
59;3497;46
60;1639;46
58;10;41
52;18150;14
61;55450;16
62;1149;43
65;319;9
64;9900;23
45;7041;17
65;174600;45
45;8900;47
37;4957;12
66;24997;12
38;1300;8
67;836235;17
67;131450;35
68;454998;5
69;2200;14
70;5731;26
70;650;24
71;300;21
29;800;13
72;9383;39
73;11995;35
74;152;3
75;12757;28
65;8200;12
77;195089;30
78;6000;26
65;25000;16
78;10000;12
79;5000;24
52;190602;22
65;2200;28
81;34426;2
75;9600;42
82;7490;26
83;149213;30
81;151056;25
84;26963;34
85;12506;4
86;54347;40
87;9850;2
88;24484;46
89;6386;48
90;1552;29
91;8850;38
77;4132;44
92;32674;12
93;2959;1
94;3522;16
54;39030;26
54;8264;40
95;4985;42
95;9902;21
65;19548;24
65;86109;7
50;11062;33
98;30592;1
99;159000;37
100;37500;9
100;6362;33
100;10042;41
101;15118;23
47;5200;36
102;8500;35
103;5734;41
104;30000;46
105;20246;11
106;85000;35
107;433289;31
109;10000;17
110;19000;35
111;475;1
65;2090;24
112;9511;31
41;8000;11
113;7500;31
114;7200;19
115;36500;15
116;12280;12
117;9943;47
65;47500;41
118;23650;18
119;2982;35
37;5083;43
120;14994;8
121;9100;11
122;6000;45
123;76821;5
65;0;9
125;9114;17
47;9000;42
126;2890;1
127;3270;47
101;17100;17
65;1470;28
129;33000;20
130;23903;45
131;5800;46
76;195100;4
132;198451;5
133;190200;21
133;190200;30
82;190200;25
134;196080;13
79;192160;11
83;199020;41
78;198040;20
135;26808;46
136;2068;42
137;698;11
70;1116;13
138;1700;5
139;1403;15
65;1089;2
52;63988;1
140;14990;29
105;5000;18
105;30185;12
105;100000;37
141;25552;14
142;5188;9
101;116372;30
119;1045;4
143;7062;25
144;2060;1
64;6400;46
145;7932;6
29;19834;13
96;2844;32
65;32513;2
147;12000;30
148;1788;18
105;3000;22
145;4361;39
139;27753;44
149;1254;5
49;585;4
105;1106;44
150;52285;39
151;160854;30
152;33057;48
105;505075;8
141;37705;41
37;20794;5
65;4998;3
153;1815;40
151;709683;40
37;30000;38
154;8210;20
65;34000;24
85;8264;8
101;902347;23
120;3950;23
156;10500;24
52;3892;20
157;7450;6
158;6444;11
62;4400;2
159;12571;2
52;41514;28
139;29950;34
136;1270;39
129;2972;29
160;36025;9
139;25950;16
136;2030;40
65;1628;44
158;24973;6
158;2602;4
116;4375;29
100;1627;29
120;3072;13
161;3075;14
162;8826;37
163;3470;15
164;1572;25
165;151025;7
139;794810;33
166;1270;23
136;296700;44
147;1787;13
167;2157;10
52;39000;8
147;5900;18
65;20100;47
137;11753;8
21;5580;29
148;7683;30
52;9000;14
169;86989;45
30;3245;36
116;13708;5
170;34708;10
171;1144;22
172;5009;10
173;435;22
139;6135;33
136;2311;40
114;1194;18
147;4000;25
70;8477;33
139;425;37
174;2101;26
136;24205;5
175;2380;11
139;9905;32
120;1270;45
70;6150;22
176;650;35
177;18700;41
139;14881;32
139;1270;18
139;968;32
178;2089;3
179;28000;41
65;5365;36
99;29420;35
99;10000;4
147;19900;23
180;174995;46
181;1990;47
147;6363;47
147;2580;31
182;6588;45
100;32100;41
183;1982;21
184;1982;21
185;31924;14
186;5371;11
187;39999;29
116;12521;23
188;9281;4
189;28141;12
141;27385;24
5;49669;19
153;600;4
190;90342;4
134;57000;5
191;17550;25
65;250000;17
237;56000;33
193;80000;37
194;24000;33
195;100000;1
196;63987;24
197;3000;5
65;20000;24
198;150000;4
199;60000;4
200;21452;19
201;24114;19
202;22000;5
203;52000;27
204;28600;46
205;80000;37
206;26000;6
207;30000;6
65;36920;10
208;20800;44
65;37440;9
65;39520;3
159;39520;7
159;39520;30
209;26000;33
209;26000;46
210;13000;10
190;25000;24
211;22880;25
212;63000;40
213;7280;21
214;100000;15
215;14666;20
216;56690;31
217;46785;31
190;10000;16
190;8687;10
213;40391;9
218;135000;6
65;80000;13
190;30000;17
159;130000;45
220;90000;22
221;13800;21
222;9500;44
191;75000;8
224;200000;34
225;183000;13
226;8511;25
153;58437;48
193;13622;5
227;58437;27
228;21900;21
193;60523;14
193;150000;47
89;214281;16
229;1814;38
230;55235;42
231;32000;45
226;8052;32
226;95000;33
232;50000;25
232;5920;8
193;5920;20
233;17693;45
231;25000;11
234;8058;20
234;3529;22
235;512;14
236;100000;30
237;32000;12
220;20000;38
238;2040;4
239;8400;21
236;72169;35
203;33000;25
48;58400;17
226;2765;15
65;12000;23
100;78420;19
240;20306;43
240;10000;34
241;15000;33
242;150000;27
193;11541;2
193;58437;21
193;131644;27
212;121669;22
243;8511;38
237;85128;46
244;6800;31
245;38934;2
17;692;22
246;18000;45
247;3244;37
140;8000;8
248;29760;2
50;5317;17
249;200;39
242;744;40
250;20000;39
98;120000;34
251;7246;33
252;39500;33
246;11417;33
151;2050;33
246;30000;5
253;2500;26
17;7970;7
254;2804;41
255;2581;7
256;2800;15
257;9400;40
258;51768;14
259;7000;6
100;4741;29
100;5711;38
260;4953;9
261;252898;44
262;3000;12
257;6967;2
263;38303;27
264;746177;20
265;713;24
70;73050;40
79;52459;36
246;9450;2
45;7041;11
52;18150;11
58;10;6
60;1639;42
92;2959;46
93;23609;15
59;3497;1
54;8264;32
58;7320;7
54;4985;28
65;3900;41
95;9902;8
95;19548;18
1;4430;27
244;18781;28
55;4455;10
19;3000;41
53;8197;26
49;14405;15
4;21854;1
45;11190;14
34;62535;12
32;5500;11
31;21347;38
30;114;32
30;363;40
89;9900;10
87;24484;39
84;12506;30
100;7490;12
76;195089;20
75;8200;23
73;152;30
70;300;1
70;650;9
266;5731;12
69;32043;19
45;8900;31
267;627449;34
268;623585;36
269;91200;41
4;15409;8
11;12736;13
270;7500;33
271;4100;4
16;18784;40
18;19470;6
19;6180;39
246;1454;7
33;5736;32
161;1640;29
272;3240;41
271;14950;33
89;3785;30
96;8000;24
28;39438;47
52;36500;22
25;6800;26
273;31500;39
274;11270;18
275;144094;9
275;6475;24
275;32812;11
145;3651;22
70;21226;34
180;5000;19
180;11550;35
119;74321;39
20;96;22
276;1600;24
29;2130;15
61;678312;17
46;14986;29
65;2704;10
277;8750;15
145;1768;33
29;11565;29
278;818;6
50;2645;4
42;2950;22
279;3140;32
280;1300;45
281;1195;46
74;3647;26
282;1200;5
283;500;44
284;960;17
285;3960;43
286;330;14
287;52240;20
288;2645;8
289;2300;8
290;491;25
291;26400;34
37;14990;46
46;13115;48
292;3929;21
276;2250;1
293;13052;28
294;3664;16
52;4990;36
21;7000;46
295;1348;26
281;757;26
296;3200;48
297;1200;20
298;2039;46
29;1800;31
89;690;42
46;20000;18
46;2868;47
278;1300;31
299;585;10
52;9600;19
27;3000;48
29;1341;7
246;5790;38
300;900;38
145;4016;39
301;2469753;10
302;30600;35
37;4082;24
303;10748;11
304;12050;38
305;16452;28
157;16378;7
306;1874;21
307;1800;2
139;305;47
308;2500;32
309;3166;37
52;17250;25
145;18048;3
310;1980;33
276;1250;47
311;750;15
311;1250;31
312;9685;8
145;2639;21
313;2092;30
37;11990;4
314;5000;40
249;6450;16
276;2989;9
249;585;13
147;7230;45
315;10000;28
145;2268;10
276;4600;4
316;600;36
180;750;9
317;5011;10
318;4100;32
158;4740;24
319;790;10
21;15983;14
320;4595;46
321;18000;9
26;1850;3
322;35910;35
323;3360;5
29;3911;22
324;5000;46
37;11998;12
325;4450;44
326;3120;3
327;7300;34
246;16000;18
246;2065;45
91;5300;10
246;30000;14
169;3243;48
21;17000;8
328;107172;43
329;930504;13
147;2569;44
330;6800;21
174;48820;21
98;1218;29
49;2747;29
331;26532;25
332;3732;8
52;3900;48
138;3480;18
333;4088;1
21;4375;43
40;4515;48
334;28688;34
335;38000;10
336;1500;8
276;3650;29
242;1721;20
337;80;7
338;1600;16
144;18000;35
139;1159;21
138;1098;35
145;8292;31
339;9422;36
317;527;25
130;4950;23
177;20550;41
340;6039;38
341;39989;21
341;43891;31
62;474;21
37;7498;1
180;1797;12
342;163;33
343;978;10
344;930;12
15;1276;38
108;914;4
139;1281;4
151;1635;26
345;229;3
346;49281;19
26;4104;3
276;1600;11
347;8000;36
97;8780;30
63;319;16
63;11062;1
29;26300;29
77;6000;15
218;75000;25
348;299239;24
242;10949;36
159;39520;19
226;16173;13
226;78420;11
193;58437;46
193;140160;20
227;21900;25
228;68948;34
193;224256;39
349;13600;9
197;32000;20
196;19000;15
195;83000;8
194;108000;38
226;25000;39
193;26000;30
225;8511;5
236;33000;44
350;4164;24
68;2200;6
83;151056;23
190;33500;9
190;55000;10
82;149213;45
207;36920;40
209;26000;28
159;26000;38
209;13000;43
214;14666;37
210;25000;28
212;7280;4
65;39520;48
190;22880;2
203;28600;34
205;26000;2
351;25000;2
216;32000;41
217;10000;28
215;57000;13
352;5720;38
353;39900;45
133;150241;32
221;18000;40
200;27412;41
354;21250;23
230;17716;29
235;34396;45
192;31500;29
236;27000;2
201;21360;1
355;7000;32
356;14664;32
357;2880;35
358;143952;26
65;20800;3
79;190602;12
48;13000;11
159;205000;23
219;77250;13
213;192698;32
213;98000;36
226;168347;41
226;98350;32
226;58437;4
202;140000;44
237;141000;40
65;280000;46
198;213000;13
359;10000;22
190;40391;4
190;136000;11
359;2400;43
240;7500;11
240;5000;4
237;80000;16
360;29888;35
361;35000;20
134;18916;8
203;58400;16
99;37500;22
50;30592;21
100;10042;27
100;6362;36
39;631;11
101;950;34
240;5000;41
240;7500;39
47;8500;30
172;585;21
136;1147;1
139;1281;46
139;1098;17
362;7514;13
136;987;33
54;2450;27
102;5734;30
66;1300;12
103;30000;41
104;20246;35
17;7388;12
139;1281;26
109;19000;48
363;475;30
111;2090;27
62;1149;33
10;7922;18
115;12280;37
136;1147;7
50;9511;41
15;2459;19
172;878;38
242;1780;30
38;43500;12
114;36500;11
37;12295;47
46;9000;6
67;131450;36
98;1100;39
313;475;46
109;23650;33
118;2982;38
139;1647;40
119;5083;38
13;2700;11
37;14994;25
122;76821;47
127;17100;16
47;2890;20
38;873000;39
21;65573;21
42;1229;5
126;3270;3
94;39030;22
9;4408;19
364;3431;4
130;5800;14
131;98000;41
79;199020;3
83;198040;20
76;196080;48
82;198490;41
132;190200;19
134;192160;45
76;196080;45
133;190200;7
82;198451;44
133;190200;39
77;32674;12
38;836235;15
67;454998;7
15;3967;6
74;63988;45
8;88800;23
105;25552;1
85;54347;11
86;64459;8
65;174600;48
41;6000;36
246;9835;14
246;33033;20
142;116372;1
74;12757;20
29;17450;9
119;7062;3
151;33057;32
46;24699;12
153;709683;36
20;1600;11
24;446159;34
151;30000;1
50;712;47
324;12571;33
365;34426;18
40;14248;27
81;9600;20
90;8850;29
37;24997;26
52;2200;43
81;26963;5
51;2250;24
329;372914;36
166;296700;20
167;39000;8
147;20100;47
78;10000;3
169;3245;5
72;11995;32
337;4957;39
366;2912;23
178;28000;8
179;5365;20
119;29420;20
99;10000;42
71;800;15
23;2532;18
21;8609;6
20;630;38
22;3697;14
246;8826;1
153;90342;31
214;14666;36
217;10000;28
232;5920;23
232;5920;45
193;17693;17
231;8058;39
234;3529;9
234;512;45
203;58400;26
226;12000;36
226;78420;4
226;58437;27
193;58437;24
227;21900;14
190;8687;42
190;40391;45
190;130000;45
212;7280;19
190;22880;40
193;2438;39
236;32000;47
235;100000;28
200;24114;5
199;21452;8
237;80000;39
134;17550;44
236;33000;43
225;8511;10
224;183000;30
209;13000;46
191;200000;5
361;25708;37
209;26000;46
159;26000;23
65;39520;22
65;39520;27
220;22000;47
159;39520;15
65;20800;26
64;9900;20
207;36920;1
205;26000;4
203;28600;32
240;10000;7
240;15000;26
193;131644;37
225;8511;4
224;150000;41
367;264480;10
368;2500;20
89;9900;34
87;24484;28
369;12506;33
100;7490;31
76;195089;15
75;8200;28
151;4098;38
370;539;1
73;152;26
70;300;29
70;650;46
371;6519;15
29;31877;9
88;1850;16
372;3660;22
316;3394;3
133;20560;6
373;2500;40
325;2459;2
374;230009;5
50;1121;5
375;3280;11
49;1620;11
40;16393;31
337;9999;7
376;121752;41
377;16636;18
70;110000;41
378;27276;18
171;72153;15
379;140340;30
380;7700000;39
129;34223;11
141;56061;38
24;505961;34
104;515184;33
145;26378;6
381;394230;22
266;5731;46
37;9989;12
69;32043;15
45;8900;44
267;627449;4
268;623585;24
382;91200;6
377;2570;38
4;15409;36
271;4100;43
54;1492;3
161;1640;18
383;17350;20
264;2455;32
272;3240;18
271;14950;48
384;4996;33
82;5911;2
89;3785;47
96;8000;29
384;3975;42
257;8803;42
52;36500;35
385;5280;2
273;31500;12
244;6800;38
145;43715;19
50;5317;6
386;70541;10
249;200;3
242;744;27
250;20000;42
98;120000;1
315;5000;12
45;7041;27
387;124652;24
388;32096;20
52;18150;31
151;3000;38
389;2665;36
384;4200;27
250;15456;22
390;15840;43
14;1950;12
14;13100;47
14;2868;5
14;2800;3
65;64459;35
14;19021;39
14;2050;1
14;2868;15
14;2800;4
14;13100;22
14;9850;30
65;20265;15
14;11700;19
14;1619;17
65;9883;2
14;3244;3
14;20265;35
14;61475;1
14;181072;4
14;22677;1
14;20265;20
14;3770;23
14;2300;16
14;1100;43
14;39734;2
14;22677;28
14;20265;3
14;3770;20
14;900;9
14;950;30
14;39734;10
391;24399;38
58;10;11
60;1639;11
145;6553;47
179;5593;48
59;3497;39
160;26188;30
364;3000;21
58;7320;28
392;4100;25
393;9000;16
123;1703935;30
56;3900;12
55;4455;38
394;24059;31
92;1744;37
29;40826;3
19;3000;36
20;264;7
20;176;42
20;96;15
395;66990;42
20;176;39
20;528;7
316;4687;47
326;1280;39
53;8197;35
30;8059;29
49;14405;3
4;21854;39
67;160678;33
67;234899;28
45;11190;44
34;62535;26
33;5736;37
32;5500;8
31;21347;45
396;5573770;47
30;114;20
30;363;15
270;7500;6
397;68852;16
244;18781;35
1;4430;47
95;19548;46
95;9902;35
393;1800;5
54;4985;48
65;8264;11
93;23609;21
92;2959;43
398;3200;15
251;7246;45
252;39500;37
246;11417;46
257;9400;17
265;713;24
100;4741;39
100;5711;28
262;3000;2
264;746177;29
79;52459;30
263;38303;37
399;3000;34
257;6967;38
261;252898;41
400;19500;18
260;4953;19
258;51768;9
253;2500;39
256;2800;9
255;2581;23
275;1287;44
28;39438;33
107;500;44
401;2358;26
246;9450;32
246;1454;18
19;6180;42
18;19470;25
16;18784;4
248;105861;27
382;59077;29
382;15652;3
402;4857;32
403;11290;12
138;342;30
76;14390;16
382;10902;47
404;15025;34
405;110811;37
406;261534;16
407;104085;8
361;136427;29
347;8262;27
408;5067;47
147;199995;26
158;1200;16
30;2300;42
246;3571;25
30;3128;10
409;13940;47
100;39885;29
158;950;18
410;1610;23
346;28552;30
411;10802;29
412;212;44
30;1960;29
40;3675;6
49;1960;20
413;2783;38
1;2893;3
151;2050;18
414;876;40
30;1625;22
170;1580;11
37;6479;33
415;9032;10
416;2000;6
46;14964;15
17;9570;42
151;3280;15
417;468216;14
417;1149719;25
342;3472;14
412;7991;36
103;1549;37
139;1967;34
405;13797;20
378;642;8
418;16350;2
419;2000;28
242;1526;2
395;64581;38
52;4399;7
115;17755;7
420;1980;25
145;23832;14
30;6780;11
1;1400;12
64;2868;11
1;1830;36
261;25000;17
421;9900;44
248;3750;32
422;15918750;31
423;1100;14
64;9830;20
424;4850;3
425;41576;21
426;6500;32
293;4452;9
427;4265;2
157;6500;33
428;5700;46
429;263;11
103;1558;30
246;4219;8
17;1370;21
430;332;3
35;367291;17
158;17000;22
431;12550;32
40;3940;37
432;4638;20
386;13813;36
433;144616;25
151;16500;47
434;10009;46
139;920;23
103;1561;16
23;1065;19
370;19500;22
435;17932;26
384;9947;26
436;2510;42
108;30000;18
437;1200;3
438;300;27
439;2575;2
440;1254;41
442;19000;8
443;3060;43
444;17742;9
445;2900;5
149;684;23
139;1150;45
418;10000;41
257;8000;25
446;406070;15
15;1759;11
246;7056;40
139;1050;39
426;2000;43
170;1670;8
447;516;25
448;12000;23
449;9625;43
450;2800;4
451;1908;35
248;7500;29
423;19672;7
180;1900;39
144;9600;11
452;4745;32
89;3950;29
151;10000;25
418;9000;21
453;2272;47
52;1681;21
179;1600;43
254;2804;17
378;7080;33
248;2500;3
139;1250;1
139;1250;3
407;750;42
431;58979;11
454;2868;20
246;75000;32
455;21420;7
139;1250;41
27;9690;26
456;7000;38
414;813;35
378;4256;18
442;11160;33
457;2000;7
458;6104;38
459;6200;2
405;11106;17
40;1440;21
246;18000;11
151;2459;4
408;2219;33
29;11565;8
460;5877;46
65;1464;20
151;13000;24
151;9000;13
236;35844;31
461;15700;23
165;631047;47
159;27680;14
378;27473;46
274;11270;45
139;1250;20
246;30000;1
275;32812;39
275;144094;39
462;2991;3
347;8361;23
275;6475;46
463;9450;11
17;692;5
445;10927;25
464;5037;3
251;3235;36
145;36000;27
459;3652;39
263;70443;30
148;1800;45
209;545499;42
210;26000;47
207;35000;28
212;36920;27
222;7280;40
65;120000;4
465;20800;44
159;39520;15
159;39520;35
159;26000;28
316;19700;4
52;16393;48
466;6200;28
191;19078;7
240;160000;43
226;15000;38
237;58437;22
180;180000;2
226;2700;47
228;16173;27
242;68948;46
193;12597;32
193;224256;35
226;140160;22
212;78420;16
467;45302;14
218;19115;5
190;50000;26
190;46774;31
190;39999;46
212;259030;40
468;8000;8
221;2000;47
469;11593;22
240;6000;47
197;10000;23
470;26094;6
193;1963;20
153;58437;8
196;883228;5
195;12898;42
471;82415;36
193;7599;22
226;25464;19
472;789109;26
473;3261014;41
194;66607;21
361;112677;19
474;35000;45
475;40000;37
153;162164;12
476;29890;17
477;900;3
478;1557;19
479;70000;26
213;16020;11
190;98000;2
198;2000;3
357;213000;46
236;2880;15
480;27000;13
354;119520;44
201;21250;33
65;21360;24
481;280000;20
52;69638;15
226;12550;29
218;98350;11
482;75000;45
227;520;47
10;21900;30
192;24793;34
215;31500;31
483;55000;36
29;38000;8
239;144541;43
348;31206;3
216;37440;19
205;30500;14
190;26000;19
448;22880;17
70;16350;35
484;73050;24
214;29400;15
485;14666;20
213;4747;6
159;192698;47
134;205000;17
200;18916;12
219;27412;3
237;77250;35
202;141000;22
486;140000;37
226;909000;21
252;168347;7
145;40000;12
267;3651;45
268;170472;13
119;177184;5
21;74321;2
487;57589;28
61;1809;48
247;678312;8
79;39734;48
257;181072;13
164;5000;3
488;59342;6
489;59342;6
417;10862;48
47;5750;4
143;2704;28
490;1998;34
145;3399;33
29;1768;33
147;11565;11
139;3920;6
279;1250;27
17;3140;36
65;7970;40
139;84000;41
285;1281;4
288;3960;44
289;2645;36
291;2300;14
37;26400;21
151;14990;18
133;9500;39
132;18500;29
315;16500;20
139;9500;28
296;2500;11
297;3200;40
491;1200;35
27;15000;7
417;15600;27
27;444000;1
301;3000;18
245;2469753;32
304;38934;41
305;13241;34
67;16452;11
417;342727;45
88;1175731;48
164;6386;38
315;358951;48
157;10000;32
492;16378;24
309;831;45
145;3166;25
264;45450;40
382;3000;17
43;54455;30
493;9917;44
494;71733;29
495;1668;30
481;28980;46
496;29383;31
497;19200;40
242;10320;21
321;1526;44
26;18000;2
387;1850;38
498;74385;32
499;20196;20
500;64643;36
501;13050;11
502;39999;44
324;180500;13
198;5000;37
259;36190;3
36;7000;10
248;6452513;47
169;29760;6
329;3243;9
503;930504;45
332;107172;3
411;3732;31
337;30000;19
504;80;17
188;1600;35
377;37122;9
75;48449;3
505;9800;7
66;7089;31
25;31720;21
30;6800;41
346;2049;45
140;49281;46
132;8000;4
347;156227;45
96;8000;13
16;86109;4
348;9383;45
506;299239;14
218;8544;40
507;19000;13
508;9960;39
509;69960;19
98;180756;36
100;159000;21
47;5200;6
246;8500;13
105;24793;3
106;85000;22
113;433289;24
116;7200;9
117;9943;33
119;47500;33
120;5083;5
125;9100;7
47;9000;27
61;2890;41
35;55450;19
5;87865;11
79;8265;11
78;199020;10
8;26808;3
105;88800;12
65;100000;43
119;174600;38
146;7062;24
152;12000;15
153;505075;13
154;709683;40
510;34000;17
85;8264;4
120;902347;9
78;10500;3
52;5000;11
160;29950;8
100;25950;15
120;3072;29
165;3075;44
166;794810;42
148;296700;43
78;9000;16
120;10000;4
119;6150;22
99;29420;31
134;19900;21
78;17550;38
241;25000;8
92;5706;15
45;800;47
511;303;5
30;114;33
30;363;48
511;1460;41
512;8745;2
513;5787;12
513;5821;18
45;3262;48
514;28750;21
458;5925;34
270;7500;47
65;9400;34
246;11417;1
515;46625;12
54;2490;26
252;39500;32
251;7246;40
244;18781;17
398;3200;2
1;4430;12
95;19548;23
92;2959;31
95;9902;27
251;3100;26
516;3278;39
442;19689;10
516;4098;47
89;8196;21
54;8264;2
517;7630;17
54;4985;6
92;4606;24
54;2490;39
261;252898;45
417;2300000;36
260;4953;44
258;51768;37
518;5000;7
253;2500;15
256;2800;31
255;2581;8
275;0;5
315;3850;33
460;16000;13
28;39438;38
387;175000;33
519;1000;12
246;9450;39
520;2598;2
521;2353179;12
246;1454;26
257;16393;16
522;53157;42
19;6180;35
18;19470;43
378;8250;12
16;18784;35
248;105861;33
382;59077;15
382;15652;12
402;4857;23
138;342;40
76;14390;20
382;10902;7
264;746177;17
404;15025;35
405;110811;1
29;132893;20
49;1620;29
406;261534;16
407;104085;4
141;25125;13
129;32611;7
361;136427;1
371;6519;40
523;35030;39
524;15713;26
29;31877;23
525;1850;14
526;119885;44
74;34871;44
316;3394;14
411;3507;14
373;2500;9
393;3581;11
325;2459;17
262;3000;37
100;5711;15
100;4741;28
265;713;36
527;120540;15
331;63862;46
395;70000;12
528;24516;46
529;720396;25
374;230009;23
89;9900;29
145;15499;41
87;24484;33
75;4121;39
326;2185;1
369;12506;30
145;3204;46
525;17988;27
530;387;3
54;819;39
382;13175;37
50;161963;19
50;145658;43
531;27282;29
532;31968;16
533;23301;18
524;92919;6
40;15800;46
423;800;1
100;7490;29
534;390;12
133;10000;48
145;60713;8
444;19852;46
535;30202;27
75;8200;27
179;8981;11
73;152;10
70;300;45
382;5498;24
70;650;19
266;5731;20
69;32043;13
45;8900;8
384;50047;41
50;5317;35
249;200;39
268;623585;41
242;744;33
388;32096;4
384;23000;15
378;22542;12
382;24456;45
382;91200;20
4;15409;31
250;20000;47
65;120000;32
536;9000;10
54;1492;26
383;17350;27
264;2455;31
82;5911;13
271;4100;45
257;8803;26
537;3300;9
145;43715;21
386;70541;30
519;272;39
538;407898;14
45;7041;28
368;2500;28
367;264480;14
145;26378;41
104;515184;6
24;505961;18
141;56061;20
129;34223;3
380;7700000;12
379;140340;7
171;72153;31
378;27276;12
70;110000;39
377;16636;11
376;121752;37
54;9999;30
94;323902;8
40;16393;10
375;3280;1
50;1121;34
79;52459;39
50;1705;40
315;5000;24
387;124652;33
151;3000;32
389;2665;20
384;4200;24
250;15456;12
390;15840;12
145;6553;47
52;18150;30
89;3750;17
263;38303;12
58;10;18
92;1744;17
29;40826;44
4;371596;24
20;264;31
20;176;2
20;96;42
395;66990;2
20;176;24
20;528;37
316;4687;40
326;1280;17
30;8059;9
397;68852;9
67;160678;4
67;234899;28
399;3000;3
400;19500;44
107;500;23
401;0;17
161;1640;41
60;1639;34
59;3497;29
58;7320;41
123;1703935;27
272;3240;16
65;3900;41
55;4455;14
19;3000;24
53;8197;45
539;23609;1
300;151000;11
540;2990;29
271;123252;47
541;14950;12
45;7570;42
270;3785;16
96;6240;30
34;8000;42
52;62535;10
273;36500;7
244;31500;2
377;6800;44
33;2570;29
267;5736;36
32;627449;25
37;5500;13
370;44578;7
151;539;42
257;12648;35
31;6967;31
318;21347;48
416;15370;2
115;3100;20
115;7282;8
318;7587;25
392;17700;11
542;11993;15
17;2929;10
102;1195;22
543;793;26
89;4500;39
544;2646;10
445;1570;38
410;1800;10
92;1472;21
1;6537;17
393;288;31
545;400;22
251;600;7
546;800;46
547;89;34
548;5715;4
65;1098;14
549;5746;25
69;2207;32
147;35624;32
511;900;24
196;1000;43
195;1800;9
550;17100;43
551;900;33
552;900;12
553;900;9
65;900;46
554;2997;10
555;900;10
556;900;4
557;900;14
558;2840;27
133;737;3
82;197400;37
76;197000;33
134;197000;23
82;185000;10
79;197000;21
76;199000;42
133;197000;7
158;197400;32
83;9800;29
132;198000;8
559;197200;15
318;11829;7
560;13408;29
561;1085;31
124;1347;23
147;9709;14
49;3810;8
416;195;43
242;1500;10
561;7566;28
318;9950;22
562;15216;23
65;899;41
259;28276;25
100;7600;42
291;16704;22
563;12854;7
52;1198;44
564;3750;4
377;811;33
565;1950;20
566;32500;14
157;838;1
65;2838;2
567;56430;20
416;1177;24
318;2100;11
151;12306;41
145;39000;39
291;100044;11
148;462403;21
74;20000;37
364;6564;12
65;9900;34
506;12342;14
568;35000;13
372;9500;37
291;3660;34
318;116929;36
567;12887;24
569;1177;26
60;397;22
346;748;18
457;47349;9
570;1990;16
147;65880;32
318;2700;27
66;15115;31
90;18150;18
569;7000;15
571;1137;32
572;700;21
411;11500;47
425;6012;1
172;47179;42
573;960;14
416;11208;31
574;1500;34
20;11573;14
52;235;17
235;24334;27
575;47680;42
317;602;1
576;1834;4
577;532194;8
525;37791;21
412;48505;39
318;299;4
578;5944;30
503;81738;31
166;89300;24
533;98900;31
157;37867;17
158;19240;39
179;15000;45
418;549;39
102;13350;47
249;610;30
147;666;6
448;1500;13
254;120000;46
100;6558;26
579;6000;48
318;4484;48
396;3034;24
324;5573770;13
416;5000;32
379;2575;18
580;425359;1
100;3968;23
21;1140;31
151;39800;39
246;5150;24
416;120000;19
581;2230;35
582;425400;40
583;2293;10
147;1286;6
584;5800;18
100;13100;23
511;3500;44
585;5460;9
65;500;21
29;3330;32
52;5537;43
423;8800;31
586;1250;12
513;27405;28
89;7279;32
92;2953;20
20;2496;35
20;236;15
587;176;17
588;9148;5
558;38700;24
537;476;6
233;1698;5
354;42822;37
589;22752;42
589;271;35
480;644;4
590;127896;46
575;18724;20
395;3975;38
591;98000;2
52;176040;33
145;12375;24
52;8742;12
448;1646;16
379;5000;12
592;38282;20
151;290;6
593;9500;9
594;5227;40
151;9350;9
100;568;39
595;37832;16
596;1600;37
139;15735;13
100;1000;13
148;4000;27
457;900;33
589;1840;36
45;1142;13
513;400;7
139;3050;42
567;19756;16
147;805;25
511;1800;20
100;1320;5
465;3000;48
589;1575;33
102;1152;16
20;1647;22
92;184;23
150;17800;7
139;2080434;3
62;854;29
558;996;40
597;1476;42
153;1453;37
598;857;18
599;30793;13
509;40612;12
600;68028;47
601;79514;9
567;82486;36
20;805;2
602;184;11
580;10000;17
603;138360;18
124;10065;37
65;10899;23
136;442;10
151;2954;35
418;4098;9
293;2912;14
567;10545;32
29;660;26
560;17188;7
20;1455;1
445;499;22
385;3500;2
62;5280;20
278;991;27
562;1380;24
195;535;28
62;360;1
604;1923;38
136;2523;28
160;2954;16
139;26188;25
344;1000;22
605;7321;46
402;8666;16
606;24500;14
62;557;7
62;360;15
291;792;21
538;42173;3
408;48553;1
102;5067;5
347;1525;37
607;8262;46
136;3898;8
393;1967;34
147;9000;1
139;199995;2
30;1250;33
158;2300;42
392;1200;14
393;4100;8
567;1800;24
543;480;15
384;106119;10
246;9947;23
608;3571;30
609;2880;46
609;113400;29
202;25000;36
235;200000;1
479;36000;2
225;25000;43
240;8511;2
240;136600;45
190;6666;28
190;10000;24
213;40400;45
213;200000;24
218;150000;9
219;30000;32
236;39999;40
475;70000;34
196;60000;1
76;13000;9
133;195089;13
246;20560;21
65;170272;13
610;232196;7
190;10400;7
191;60000;44
118;132500;34
474;2950;14
65;50000;33
577;150000;1
237;80000;2
354;200000;29
226;150000;3
226;90000;44
233;160000;31
233;172800;2
577;80000;8
278;30000;34
159;12525;14
159;36632;43
153;200000;31
198;10000;10
604;213000;48
30;975;22
499;4390;46
611;21058;43
497;67925;30
499;42835;32
236;21056;38
159;223530;39
216;34380;31
65;24907;22
65;39520;14
65;39520;6
242;20800;24
214;25708;23
215;14666;46
612;53798;30
190;26000;34
210;22880;27
159;35000;33
207;38000;43
209;36920;26
348;26000;22
212;37440;15
472;7280;13
613;10000;7
614;10000;38
466;10000;1
466;6271;44
615;38600;8
243;5921;29
394;145000;33
64;24059;40
234;9368;42
231;15100;22
616;8058;30
468;5000;30
617;5000;31
246;10000;38
197;90000;29
195;23000;28
193;70000;44
226;30000;36
194;18000;21
179;110000;2
139;5593;11
30;1200;43
589;3128;13
158;1511;37
364;950;14
410;3000;19
346;1610;37
412;28552;43
30;212;27
139;1960;9
49;1200;16
473;1960;41
618;1658;21
414;332080;11
384;876;12
30;3975;15
139;1625;25
416;950;3
17;2000;23
239;9570;41
139;35000;29
139;2000;44
103;950;24
30;1549;46
567;6780;7
425;811;35
261;41576;37
421;25000;37
422;9900;15
426;15918750;18
430;6500;24
17;332;22
391;1370;29
108;161843;22
440;30000;11
442;1482580;32
443;19000;11
257;315718;5
446;8000;33
136;406070;15
426;1477;32
447;2000;35
448;516;45
452;12000;22
153;4745;32
52;18610;17
407;1681;46
381;750;31
136;394230;43
455;1967;5
27;21420;11
414;9690;11
442;813;16
165;11160;48
462;631047;19
347;2991;6
275;8361;18
275;6475;26
275;144094;10
464;32812;10
134;1800;14
65;18916;10
361;132500;40
153;35000;41
472;883228;2
213;3261014;38
237;98000;13
190;141000;21
212;2000;19
227;7280;17
29;194983;5
268;144541;39
267;177184;47
119;170472;18
487;74321;2
61;1809;28
79;678312;47
488;39734;23
489;39734;23
257;10862;38
164;5000;25
47;59342;21
417;2704;40
143;5750;20
136;1998;20
67;5901;7
291;84000;3
151;26400;41
132;9500;36
133;16500;7
136;18500;46
136;1477;5
27;1967;42
417;15600;37
301;444000;6
305;2469753;8
417;342727;25
525;1175731;24
315;6386;5
492;10000;36
136;831;17
136;3934;28
264;1477;8
43;3000;7
387;9917;1
498;74385;22
136;20196;14
36;1967;36
503;6452513;29
329;107172;27
411;930504;33
188;30000;41
377;37122;14
75;48449;20
66;9800;4
30;31720;9
346;2049;36
132;49281;4
96;156227;9
16;86109;48
83;9383;42
352;151056;23
79;180756;13
348;190602;19
358;299239;23
133;143952;21
82;150241;20
98;149213;22
100;159000;23
47;5200;15
246;8500;24
105;24793;37
106;85000;10
113;433289;5
116;7200;41
117;9943;45
119;47500;38
120;5083;12
125;9100;24
47;9000;38
61;2890;4
35;55450;47
5;87865;20
78;8265;6
8;26808;22
105;88800;10
65;100000;5
119;174600;27
146;7062;14
152;12000;6
153;505075;28
154;709683;2
85;34000;6
510;902347;44
120;8264;38
78;10500;15
52;5000;16
100;29950;4
120;3072;27
166;3075;35
148;296700;42
78;9000;45
120;10000;1
119;6150;14
99;29420;39
134;19900;10
78;17550;20
241;25000;10
619;9500;11
159;1960;17
521;2353179;12
620;1364512;4
621;1364512;4
622;103902;48
623;6900000;25
624;6900000;25
625;6900000;25
626;19508;2
627;51563;6
35;25946;7
628;209;21
567;823;27
172;650;44
629;6120;32
275;521800;19
275;62250;48
630;900;21
631;25532;28
632;200000;28
633;200000;25
634;89099;24
635;88600;1
636;1000000;16
637;1000000;36
638;1000000;19
639;12800;18
384;9473;8
640;330;4
641;270;47
393;4196;17
172;980;17
642;31914;42
55;4455;18
56;3900;30
643;39000;33
425;63470;32
644;67367;48
114;5320;8
645;10106;24
646;9663;3
647;10106;4
648;3853;22
426;31165;13
263;224787;7
649;553200;32
123;1703935;42
650;5465;7
141;25125;27
129;32611;17
524;15713;33
526;119885;35
74;34871;43
30;363;31
30;114;37
31;21347;20
32;5500;4
33;5736;43
34;62535;16
45;11190;35
4;21854;27
49;14405;34
53;8197;3
19;3000;15
58;7320;48
59;3497;12
60;1639;33
58;10;12
651;5400;37
652;37494;46
434;30108;39
145;31899;8
418;4650;36
653;5400;6
654;37059;11
411;3507;48
527;120540;39
331;63862;17
395;70000;2
528;24516;15
75;4121;14
326;2185;1
54;1492;30
52;18150;24
45;7041;37
98;120000;36
250;20000;19
242;744;16
249;200;47
50;5317;33
382;24456;33
536;9000;7
655;39799;39
656;1640;33
657;51212;7
428;18125;30
124;12485;11
460;9040;22
416;1900;12
658;27782;15
379;14640;9
659;37494;27
660;1400;13
246;9726;34
383;17350;23
264;2455;19
661;5911;45
257;8803;12
145;43715;10
386;70541;6
368;2500;12
367;264480;18
145;26378;45
104;515184;37
24;505961;9
141;56061;6
129;34223;22
380;7700000;30
379;140340;14
171;72153;6
50;1121;19
539;151000;10
540;123252;31
518;5000;46
515;46625;27
54;2490;46
389;2665;27
662;6480;41
663;6480;11
664;6480;9
665;4680;6
666;4680;31
667;405;38
668;1516;22
27;15600;38
71;9900;48
115;20964;31
50;97405;25
161;2890;29
377;8120;15
669;34609;11
37;40983;20
378;27276;48
70;110000;27
377;16636;17
376;121752;41
54;9999;34
670;16393;25
375;3280;25
315;5000;42
387;124652;34
151;3000;7
384;4200;5
250;15456;15
390;15840;35
315;3850;27
460;16000;14
519;1000;21
522;53157;37
427;28520;7
671;707;22
408;1892;28
672;45044;36
673;25000;12
145;4105;9
400;27000;3
378;3025;24
107;10950;22
674;16248;35
145;6553;9
92;1744;47
29;40826;30
20;264;33
65;176;47
20;96;12
395;66990;42
20;176;18
20;528;18
524;92919;1
661;4098;41
675;34559;26
519;2000;17
676;1865;24
677;820;9
605;20000;23
678;2245;20
679;1845;5
680;810;46
145;6556;36
64;26000;44
64;4685;5
75;3740;44
681;1600;36
396;4816640;4
682;163869;22
316;4687;19
326;1280;12
30;8059;12
397;68852;17
67;160678;10
67;234899;16
399;3000;22
400;19500;14
401;859;23
541;7570;42
535;30202;39
384;50047;6
388;32096;45
378;22542;6
538;407898;17
94;323902;21
4;371596;28
683;110000;17
684;4000;44
685;23400;32
511;1460;7
512;8745;24
513;5787;46
513;5821;27
519;272;38
537;3300;40
668;980;9
686;48042;31
45;3262;17
251;3100;10
516;3278;3
442;19689;26
516;4098;21
89;8196;12
382;5498;35
378;8250;15
257;16393;23
145;3204;1
530;387;12
382;13175;46
136;987;15
136;1477;25
136;1477;34
136;987;17
136;1967;8
139;950;29
139;950;2
139;750;11
139;750;12
139;950;36
139;950;13
92;4606;13
50;161963;23
50;145658;23
532;31968;39
670;15800;20
423;800;20
534;390;48
444;19852;39
179;8981;27
139;900;30
567;555;27
567;825;40
567;825;38
65;80569;10
567;675;35
567;405;29
577;80000;43
511;303;39
567;725;26
687;250;23
45;800;43
92;5706;40
151;4098;2
370;539;2
37;9989;5
377;2570;28
244;6800;12
273;31500;35
52;36500;23
96;8000;39
89;3785;2
271;14950;37
272;3240;17
161;1640;46
73;152;44
271;4100;14
4;15409;27
382;91200;33
268;623585;7
267;627449;20
45;8900;7
69;32043;47
266;5731;9
70;650;3
70;300;20
75;8200;27
100;7490;29
369;12506;37
87;24484;14
89;9900;9
374;230009;47
141;22920;42
189;37396;3
657;10678;29
688;737;15
1;10871;16
259;19000;39
325;2459;11
373;2500;19
316;3394;5
525;1850;9
29;31877;9
371;6519;7
361;136427;8
407;104085;34
406;261534;17
49;1620;38
405;110811;32
404;15025;16
382;10902;21
76;14390;19
138;342;28
101;990;42
147;4800;48
511;6000;36
511;1800;47
251;3000;27
100;978;36
251;3000;48
511;51500;15
689;91675;13
690;154449;45
690;51357;28
690;514750;34
147;1545;22
52;8800;24
62;627;16
100;19800;43
324;5000;4
691;748;24
147;575;6
692;2715;1
511;203000;16
511;6500;41
693;11200;10
251;3000;32
694;7200;19
100;3954;13
402;4857;32
382;15652;33
382;59077;11
248;105861;3
16;18784;1
18;19470;2
19;6180;2
246;1454;14
246;9450;31
28;39438;15
255;2581;46
256;2800;40
253;2500;34
258;51768;11
260;4953;32
261;252898;5
257;6967;13
263;38303;4
695;52459;23
264;746177;18
262;3000;16
100;5711;4
511;500;9
100;5374;9
50;1705;32
100;30540;1
270;6240;44
417;2300000;1
100;4741;27
265;713;5
257;9400;33
246;11417;34
252;39500;27
251;7246;25
398;3200;44
92;2959;17
93;23609;8
54;8264;41
54;4985;1
95;9902;41
65;19548;14
1;4430;33
244;18781;41
270;7500;26
520;2598;4
89;3750;38
543;4500;12
696;16406;38
23;1128;36
344;6081;19
62;985;37
416;2600;39
492;5819;7
1;1947;40
697;5693;43
558;9600;4
416;14640;1
416;7810;17
103;815;6
392;7733;40
318;15439;2
9;5355;5
421;9900;6
698;1725;35
699;7270;17
326;719;3
90;350;18
700;900;10
701;1898;22
702;86553;21
703;1400;20
107;1100;12
20;510;4
43;2300;11
704;950;48
705;6936;14
318;15101;37
706;3690;40
707;660;36
708;772;8
129;11389;39
603;990;29
257;8187;29
709;24000;48
674;39724;31
318;12665;23
710;1400;34
711;31975;36
387;31950;16
670;536;33
712;1660;12
411;14412;33
682;3813;10
89;4898;18
683;1100;48
516;3800;9
318;14820;9
151;4050;16
713;54340;26
714;140000;29
715;130594;21
684;39812;38
145;201450;20
716;400;1
157;19790;10
704;980;4
572;11500;6
270;6240;27
473;3134;23
318;12163;27
66;4350;47
27;6240;48
318;1543;19
717;3762;3
318;15610;9
718;4000;2
719;2460;25
70;1200;10
261;8196;6
717;6500;10
54;9800;45
378;293;25
249;630;33
254;600;21
389;844;45
412;2713;44
136;707;40
318;6071;34
1;3100;27
416;500;15
318;11885;39
332;4800;36
158;39000;36
720;6480;9
721;6480;9
722;6480;44
723;32299;32
65;29600;10
724;781;34
725;33941;44
145;9139;45
70;140000;18
726;12000;4
457;975;36
525;12612;46
318;13212;32
559;7493;21
9;11294;1
62;2945;27
725;9264;5
727;2282;28
83;1500;37
728;105120;21
729;83658;15
318;13558;43
559;1624;24
151;7870;22
730;6362;20
485;1650;37
246;8000;13
731;10100;8
732;243162;25
170;1199;38
435;709;12
318;14853;24
378;980;11
427;800;15
488;4000;9
733;4000;9
416;800;41
532;532;47
475;34710;10
233;8883;37
52;35448;32
734;10000;27
89;6475;33
318;13805;7
735;10372;14
411;10990;5
55;2950;4
423;800;32
138;348;18
318;15920;43
318;4385;4
246;27818;25
736;24000;29
706;9950;37
318;12923;16
52;3390;41
529;720396;48
172;1195;33
567;1355;12
105;14831;15
108;11895;30
737;24128;13
738;24128;13
739;24128;13
740;20122;43
741;12186;41
318;15370;36
567;491;24
189;39669;28
145;60713;4
742;1100;12
378;910;17
445;2600;7
533;23301;40
421;3000;44
416;3100;43
116;8365;3
384;23000;39
115;7282;12
458;5925;14
115;7587;29
318;17700;30
742;500;1
743;8192;40
392;11993;37
542;2929;5
17;1195;26
102;793;2
744;3200;38
543;4500;29
745;3330;34
466;72395;5
203;58400;39
190;51520;22
194;107000;26
746;20000;29
474;150000;26
190;40400;3
221;10000;41
468;4500;1
195;82000;33
215;55000;10
196;18000;36
747;1600;42
226;58437;4
748;400102;43
133;10000;3
193;58437;42
484;39000;15
568;130000;3
204;40000;42
411;968;27
159;39520;27
686;1335307;36
360;31385;3
686;170272;32
237;89610;34
64;4685;1
568;83044;41
749;2134;7
212;164283;28
506;910455;39
215;36775;6
226;19418;22
237;222477;12
577;222477;22
750;950;20
190;60000;14
225;8511;5
46;79755;16
686;172436;34
751;3920;39
752;55700;7
753;25245;18
508;10920;35
159;6000;28
754;3500;26
755;31960;42
756;8000;5
757;10000;43
758;14000;2
348;37440;44
568;10000;36
209;26000;20
759;8540;37
198;70000;40
226;160000;31
198;70000;36
207;36920;14
750;10000;16
760;14900;20
193;33000;33
226;90000;14
759;29000;16
134;18916;44
216;30000;30
237;135000;8
65;130000;45
226;12391;47
75;10000;26
761;9360;16
762;7300;34
763;10000;15
354;100000;43
193;147168;6
197;32000;18
210;35000;37
214;1466;30
228;72395;12
212;7280;28
159;25000;9
159;36632;8
190;22880;31
686;38000;6
65;20800;6
764;12000;46
65;10000;6
219;69260;31
65;39520;48
65;39520;29
612;14182;28
234;20000;41
765;24516;32
568;70000;39
213;250000;25
766;21750;21
226;16173;36
193;235468;36
159;200000;29
237;200000;14
767;8000;42
477;8198;25
239;16275;45
568;35000;13
768;150000;38
769;10000;46
747;6637;37
568;40000;29
235;20857;28
213;150000;33
236;70000;42
65;150000;47
233;172800;7
615;6000;25
202;200000;34
198;213000;42
591;1084050;43
231;8500;25
236;31479;20
235;36000;10
218;30000;18
466;72395;24
770;1346850;43
771;15000;8
226;16000;47
159;26000;33
264;2455;9
686;114666;12
198;123443;9
772;2172;3
773;46811;29
509;63181;48
774;2100;28
775;91390;24
501;98550;1
159;15640;21
577;135232;14
776;46920;38
777;2275;32
568;131071;11
65;36135;12
686;197624;2
226;82341;18
359;20000;39
480;228372;38
233;62415;28
778;136652;45
779;75240;36
780;114400;15
781;67189;2
687;3278;34
577;57000;39
472;64600;39
243;163000;10
782;105108;21
466;52500;3
506;61721;43
616;5000;36
783;720;10
361;35000;48
497;24587;43
544;1570;39
445;1800;13
410;1472;4
92;6537;46
17;5746;46
549;2207;9
54;819;26
69;35624;46
514;28750;44
65;2997;32
557;2840;43
132;197200;48
661;199000;40
76;197000;2
133;197400;25
134;185000;2
83;198000;27
661;199000;34
695;199000;3
133;197400;27
172;650;20
158;9800;27
76;197000;48
107;500;11
525;17988;38
735;24964;43
136;3927;34
393;3581;28
523;35030;16
49;195;45
416;1500;19
682;126616;3
65;28276;3
172;650;30
65;16704;23
291;12854;45
784;3960;47
65;56430;44
567;1177;46
151;39000;14
291;462403;13
29;132893;37
364;9900;1
291;12342;17
568;9500;21
239;32210;23
291;116929;9
372;3660;2
567;1177;40
346;47349;44
145;15499;43
147;2700;23
387;175000;43
572;11500;14
159;27391;8
425;47179;1
52;24334;41
575;1000;21
503;89300;6
166;98900;5
65;15000;22
418;13350;34
448;120000;10
147;1500;30
100;6000;21
324;5000;40
379;425359;37
649;425400;25
52;8800;33
300;2990;11
589;271;35
575;3975;47
448;5000;40
54;2490;6
594;22959;48
100;37832;18
595;1600;10
596;439;1
148;900;14
511;1320;41
139;854;47
150;2080434;10
62;996;34
509;239685;36
62;1923;16
604;2523;15
160;26188;3
402;24500;1
62;360;48
538;48553;21
65;42173;27
347;8262;20
346;28552;4
49;1960;24
103;1549;36
422;15918750;47
108;30000;31
440;0;30
257;8000;41
446;406070;10
381;394230;28
27;9690;44
462;2991;48
275;144094;9
275;32812;33
275;6475;19
464;5037;3
148;1800;40
267;170472;43
268;177184;19
119;74321;27
487;1809;2
61;678312;48
695;181072;37
257;5000;14
47;2704;46
417;5750;35
143;1998;19
67;84000;8
291;26400;41
151;9500;30
133;18500;12
132;16500;4
27;15600;31
417;444000;46
301;2469753;2
305;16452;2
67;342727;31
417;1175731;32
525;6386;1
315;10000;34
492;831;37
264;3000;36
43;9917;4
517;7630;33
387;74385;37
498;20196;1
36;6452513;39
329;930504;38
503;107172;7
411;30000;16
188;37122;36
377;48449;33
75;9800;33
66;31720;2
30;2049;7
346;49281;37
96;86109;35
16;9383;28
352;5449;37
98;159000;8
100;15118;11
246;5200;21
105;24793;46
106;85000;11
113;433289;11
116;7200;45
117;9943;17
119;47500;43
120;5083;43
125;9100;46
61;9000;16
35;55450;26
5;87865;40
78;8265;40
8;26808;3
105;88800;24
119;100000;21
146;7062;46
152;12000;40
510;505075;6
154;8264;33
85;34000;15
120;902347;18
78;10500;37
52;5000;29
100;29950;7
120;3072;1
148;3075;23
78;9000;10
120;10000;27
119;6150;16
99;29420;16
134;19900;38
78;17550;40
241;25000;31
785;1897;40
786;139968;9
558;1568;18
364;9900;39
787;956;15
102;950;22
460;19016;19
788;1190;30
789;1965;1
790;2992;24
102;700;27
101;148594;31
791;347869;29
139;800;46
511;6000;29
270;6240;37
788;3809;9
324;5000;30
792;672;9
83;180030;4
136;2947;44
569;1138;12
377;20590;32
792;1076;2
134;186422;46
139;850;24
375;4450;32
793;4700;43
136;847;17
54;9800;24
100;500;37
794;988;46
790;1016;31
139;1250;10
605;16393;48
172;80;44
567;955;46
145;2289;18
136;1477;45
795;1705;47
796;466518;1
132;137232;29
102;1000;5
379;14176;45
797;1967;39
798;4;15
799;1902;16
589;835;43
567;1795;32
567;600;10
384;23000;36
641;1500;9
392;1813;22
800;603;19
724;6000;41
687;400;22
567;805;38
792;950;24
46;85215;1
562;1490;45
379;7790;1
567;701;22
801;515;35
802;1405;38
172;450;12
64;4685;36
675;151873;30
803;1560;2
626;19508;23
567;823;44
172;650;6
630;900;16
631;25532;15
632;200000;32
633;200000;2
639;12800;28
640;330;7
641;270;1
393;4196;45
172;980;17
642;31914;13
55;4455;18
56;3900;19
643;39000;37
425;63470;46
644;67367;31
123;1703935;16
650;5465;1
141;25125;46
129;32611;42
524;15713;21
526;119885;21
74;34871;25
30;363;46
30;114;44
31;21347;12
34;62535;15
45;11190;16
4;21854;11
49;14405;24
53;8197;22
58;7320;46
59;3497;40
60;1639;32
58;10;42
652;37494;29
434;30108;29
145;31899;24
654;37059;13
411;3507;47
527;120540;30
331;63862;15
395;70000;33
75;4121;18
326;2185;8
54;1492;46
52;18150;42
45;7041;42
98;120000;22
250;20000;24
242;744;4
249;200;1
50;5317;21
382;24456;33
536;9000;29
656;1640;2
460;9040;40
379;14640;35
659;37494;27
660;1400;2
246;9726;32
383;17350;14
264;2455;7
661;5911;37
257;8803;16
145;43715;29
386;70541;42
368;2500;21
367;264480;23
145;26378;39
104;515184;45
24;505961;37
141;56061;10
129;34223;6
380;7700000;8
379;140340;43
171;72153;7
50;1121;26
539;151000;2
518;5000;36
515;46625;32
54;2490;15
389;2665;29
50;97405;14
161;2890;22
377;8120;9
37;40983;9
378;27276;43
70;110000;25
377;16636;33
376;121752;30
54;9999;41
670;16393;25
375;3280;35
315;5000;20
387;124652;17
151;3000;35
384;4200;46
250;15456;4
390;15840;6
315;3850;34
460;16000;38
519;1000;38
522;53157;33
427;28520;31
672;45044;28
673;25000;33
145;4105;24
378;3025;22
145;6553;22
92;1744;10
29;40826;12
20;264;5
20;176;22
20;96;21
395;66990;39
20;176;20
20;528;46
661;4098;34
519;2000;38
676;1865;44
677;820;26
605;20000;25
678;2245;16
679;1845;42
680;810;7
145;6556;3
64;26000;15
64;4685;47
681;1600;37
396;4816640;19
316;4687;26
326;1280;35
30;8059;43
397;68852;47
65;160678;21
67;234899;23
399;3000;25
400;19500;29
401;545;45
541;7570;37
535;30202;22
384;50047;19
388;32096;18
378;22542;26
538;407898;19
94;323902;10
4;371596;33
132;197200;46
83;198000;26
76;197000;19
100;41690;35
65;1460;14
512;8745;25
513;5787;1
513;5821;11
695;199000;9
519;272;28
537;3300;38
686;48042;3
45;3262;6
251;3100;10
516;3278;39
442;19689;36
516;4098;47
89;8196;27
382;5498;8
378;8250;32
257;16393;47
145;3204;38
530;387;23
382;13175;37
136;987;25
136;1477;32
136;1477;6
136;987;37
136;1967;28
139;950;39
139;950;5
139;750;38
139;750;36
139;950;13
139;950;47
92;4606;31
50;161963;35
50;145658;8
532;31968;6
670;15800;41
423;800;39
534;390;6
444;19852;23
179;8981;5
139;900;26
567;555;41
567;825;48
567;825;47
567;805;46
567;675;40
567;405;46
577;80000;18
511;303;39
567;725;20
687;250;1
45;800;38
92;5706;46
151;4098;47
370;539;24
37;9989;13
377;2570;28
244;6800;25
65;31500;34
52;36500;1
96;8000;13
89;3785;35
271;14950;18
272;3240;41
161;1640;26
73;152;35
271;4100;35
382;91200;10
268;623585;44
267;627449;22
45;8900;39
69;32043;45
266;5731;4
70;650;42
70;300;28
75;8200;48
100;7490;10
369;12506;23
87;24484;2
89;9900;22
374;230009;20
189;37396;33
259;19000;44
325;2459;9
373;2500;1
316;3394;3
525;1850;1
29;31877;44
371;6519;9
361;136427;18
407;104085;22
65;261534;16
49;1620;19
405;110811;34
404;15025;26
382;10902;36
76;14390;18
138;342;38
101;990;21
511;1800;23
251;3000;15
100;978;5
251;3000;2
511;51500;12
689;91675;22
690;154449;27
690;51357;37
690;514750;2
147;1545;18
52;8800;15
62;627;2
100;19800;30
691;748;5
147;575;30
692;2715;24
511;203000;44
511;6500;45
693;11200;3
251;3000;35
694;7200;19
100;3954;34
65;4857;5
382;15652;14
382;59077;38
248;105861;34
16;18784;17
18;19470;37
19;6180;40
246;1454;7
246;9450;19
28;39438;19
255;2581;17
256;2800;1
253;2500;21
258;51768;11
260;4953;23
261;252898;23
257;6967;13
263;38303;1
695;52459;13
264;746177;34
100;5711;28
511;500;39
100;5374;38
50;1705;1
100;30540;14
270;6240;24
417;2300000;31
100;4741;8
265;713;28
257;9400;21
246;11417;18
252;39500;44
251;7246;18
398;3200;36
92;2959;1
93;23609;18
54;8264;10
54;4985;37
95;9902;26
95;19548;15
1;4430;19
244;18781;27
270;7500;47
520;2598;29
89;3750;2
543;5000;27
804;30294;23
805;11300;46
83;5000;48
706;17480;35
136;3927;42
74;91464;39
136;1477;7
20;176;14
806;27783;16
164;1335525;11
384;450;32
792;479;31
807;1600;29
567;1880;30
808;280;38
20;176;6
172;490;47
300;3900;40
102;550;12
559;2502;5
45;300;34
136;1477;34
792;984;7
525;14466;45
809;19450;7
29;11500;13
418;10000;43
810;705;5
158;4580;21
567;2380;24
139;300;25
100;3500;41
811;120;4
102;1050;39
812;55250;5
130;6000;25
562;733;47
138;907;41
562;702;31
801;4750;45
137;664137;31
313;4918;15
147;4800;8
45;300;9
813;1910810;25
814;1910810;25
815;1910810;25
816;22983;2
800;759;29
141;14760;1
567;555;9
172;650;21
65;1350;25
544;1485;45
567;711;27
817;14524;18
589;687;35
129;44009;22
818;147943;8
384;9025;31
819;7370;46
136;1057;22
675;34559;37
257;12295;14
820;1546;1
139;400;33
821;198891;6
822;139968;11
823;1124;16
132;197245;22
824;46500;22
792;932;41
252;48000;45
299;2703;39
610;15000;7
631;34177;20
433;480937;18
792;459;15
825;112096;29
747;200;10
379;2012;22
133;198025;9
189;8121;15
83;197050;33
378;3779;4
567;962;33
567;568;44
138;1207;38
242;6682;27
826;37748;23
827;11288;18
828;915;3
567;605;32
92;559;46
829;77751;8
102;950;30
792;568;44
589;730;31
830;39929;46
742;3362;23
342;2610;43
633;39999;10
831;1980;3
107;10950;3
832;3600;10
797;15562;36
246;9401;27
263;224787;36
833;12750;5
442;15000;8
151;650;37
124;12445;15
834;12618;31
444;964;10
811;581;20
703;1500;39
393;1900;3
20;435;46
797;17076;42
378;750;43
657;18478;48
71;3800;4
632;39999;37
747;1625;36
548;584;8
797;13198;26
674;16248;35
533;22398;38
835;6545;45
115;11292;33
836;3190;12
434;8068;26
797;19604;10
837;2300000;9
702;103111;33
473;6281;23
695;2965;15
657;10217;43
797;17766;12
15;30000;12
393;2125;31
735;7744;28
151;2535;43
513;1562;16
416;8300;19
797;9134;31
407;950;21
638;1000000;43
637;1000000;20
636;1000000;39
145;9743;44
378;355;12
326;12396;8
189;18467;5
580;735;48
149;665;32
797;17200;30
838;1639;26
342;2730;24
407;900;47
839;268640;11
318;14589;18
75;8533;41
473;943;11
840;25000;14
841;25000;14
842;25000;14
843;25000;14
844;25000;14
845;25000;14
846;4999;8
632;26890;47
793;1000;45
65;1380;24
473;13000;21
318;18432;26
378;2565;35
637;23173;19
544;165;36
71;800;46
848;2700;30
442;18532;27
627;51563;43
849;80057;22
648;3853;17
36;360876;5
246;19643;22
416;990;6
569;1853;28
318;17778;45
17;680;23
850;81266;45
851;81266;45
261;15654;35
852;2740;26
318;11630;18
839;179288;7
567;695;5
853;27000;8
172;450;38
854;60310;44
854;63718;23
855;2200;47
687;400;15
567;1415;29
172;1030;47
567;1695;21
657;33204;41
318;16828;42
856;1050;31
649;553200;37
65;950;14
344;15600;7
687;400;13
136;1057;18
172;180;2
567;555;38
151;2637;36
318;14012;6
460;2180;20
263;67560;6
747;2750;33
747;1253;17
326;3535;44
857;952;11
141;10661;42
318;1475;24
141;33734;15
626;5495;2
326;1438;11
318;17382;11
513;7247;34
858;546;20
628;209;36
136;1477;22
740;8024;29
261;18960;17
195;3091;21
859;2160;11
860;4751;25
735;15392;14
567;1790;28
318;14489;25
861;696;44
263;5965;25
562;327;30
862;1680;18
379;42250;45
318;18090;7
863;400;35
864;1800;15
151;30000;44
623;6900000;19
624;6900000;19
625;6900000;19
193;235468;39
865;10000;15
713;338081;33
746;23000;1
466;72395;45
348;37440;9
212;7280;43
194;97000;6
745;3300;28
214;14666;35
17;1600;19
210;35000;46
198;70000;1
866;6000;8
475;43800;47
204;120000;2
65;147168;39
226;16000;26
226;58437;6
543;4500;4
62;2831;26
360;76000;23
64;4685;44
193;58437;47
236;33000;11
232;10100;38
528;24516;13
138;348;5
867;3240;23
243;163000;38
868;2652;41
226;160000;40
552;7900;45
360;221381;19
869;70000;32
866;26000;19
870;15000;9
550;3000;45
348;6000;20
871;25000;30
872;19418;37
65;39250;21
237;180000;34
466;75000;25
228;72395;10
207;36920;34
191;160000;24
233;172800;25
873;30000;44
193;31000;17
874;15000;25
411;29204;23
613;57000;22
226;82341;5
65;76000;47
198;70000;15
875;95000;33
196;14000;6
226;90000;48
556;30000;10
866;39520;36
209;26000;5
418;4650;31
216;35000;3
480;202502;39
237;135000;22
226;16173;21
226;12391;38
65;80000;21
65;12000;3
65;20800;44
577;44916;8
568;10000;14
866;20000;35
234;27000;30
226;162425;21
484;39000;3
782;233600;14
448;36870;48
866;36632;40
876;70000;30
225;8511;33
65;39250;7
466;72395;38
577;289536;12
190;39900;7
866;32000;39
866;200000;33
65;150000;24
772;3439;38
870;36000;43
405;1064;38
65;150000;22
240;60000;28
763;50000;16
190;22880;25
361;8155;5
696;16406;29
688;737;23
408;1892;44
1;10871;1
344;2432;14
685;23400;44
416;1900;2
416;2600;19
671;707;28
318;13146;24
668;980;2
684;4000;8
697;5693;46
669;34609;41
400;27000;27
65;14640;44
416;7810;6
392;7733;15
421;9900;19
115;20964;22
326;719;4
699;7270;28
71;9900;12
441;1254;41
441;381;45
441;1000;5
441;30000;11
441;31845;17
441;5575;30
441;381;35
441;1120;8
441;4512;44
90;350;38
657;51212;37
27;15600;34
124;12485;25
428;18125;2
702;86553;35
682;163869;45
655;39799;25
657;10678;15
706;17750;15
704;950;8
705;6936;29
683;149600;39
141;22920;32
647;10106;46
707;660;8
708;772;45
521;2353179;30
426;31165;8
603;990;6
712;1660;21
658;27782;44
645;10106;40
620;1364512;34
621;1364512;34
411;14412;41
114;5320;7
714;140000;8
668;1516;10
704;980;5
157;19790;5
572;11500;12
240;37000;23
270;6240;33
666;4680;9
665;4680;42
651;5400;31
653;5400;30
634;89099;7
877;27540;21
332;4800;15
158;39000;16
722;6480;1
663;6480;21
662;6480;21
664;6480;6
667;405;41
723;32299;23
721;6480;30
720;6480;17
65;140000;21
806;25946;19
210;2000;31
348;6000;34
275;521800;28
488;4000;40
878;4000;40
734;10000;39
75;3740;13
529;720396;8
879;24128;15
880;24128;15
881;24128;15
421;3000;30
475;120000;32
233;29505;18
611;52857;10
882;6500;17
360;219440;47
781;27855;22
883;243960;23
884;10729;29
134;18916;48
885;20000;27
264;2455;24
577;11229;41
92;6537;26
69;35624;6
133;197400;18
661;199000;4
76;197000;44
134;185000;18
661;199000;15
133;197400;4
524;92919;40
100;16704;25
212;25875;31
291;12854;6
784;3960;15
291;462403;13
886;514;48
887;514;7
291;12342;18
291;116929;48
346;47349;10
238;39900;34
147;1500;44
100;6000;4
379;425359;23
649;425400;2
169;4189;46
506;53274;9
150;2080434;26
62;996;26
180;39000;29
291;42173;4
346;28552;1
49;1960;22
103;1549;19
422;15918750;9
108;30000;46
440;4512;44
257;8000;16
446;406070;40
381;394230;12
27;9690;37
462;2991;45
464;5037;15
148;1800;37
267;170472;6
268;177184;4
119;74321;30
487;1809;26
61;678312;21
695;181072;43
257;5000;13
47;2704;23
417;5750;44
143;1998;8
67;84000;26
291;26400;1
151;9500;23
65;16500;28
133;18500;1
27;15600;32
417;444000;1
301;2469753;26
67;342727;7
525;6386;40
417;1175731;6
315;10000;7
492;831;15
264;3000;17
498;20196;47
387;74385;3
36;6452513;40
411;30000;46
188;37122;33
377;48449;15
75;9800;38
66;31720;22
30;2049;40
346;49281;46
96;86109;36
16;9383;8
352;5449;5
98;159000;37
100;15118;41
246;24793;21
105;85000;41
106;433289;31
113;7200;24
116;9943;10
117;47500;25
120;9100;1
125;9000;45
61;55450;17
806;87865;39
5;8265;14
78;26808;16
105;100000;8
146;12000;15
65;505075;2
85;902347;15
510;8264;29
154;34000;16
120;10500;34
78;5000;37
52;29950;12
100;3072;47
120;3075;12
148;9000;45
78;10000;43
120;6150;10
99;19900;1
134;17550;40
78;25000;34
241;9500;36
888;997;46
889;500;4
890;289;44
891;446;40
892;54;34
890;61;26
893;11962;11
894;826;40
895;136;25
896;1065;45
897;165;40
898;4545;19
899;1983;37
900;2834;20
901;850;1
902;2479;35
903;826;15
903;1652;36
894;578;35
904;3724;10
905;3259;35
905;5160;31
906;223;28
907;79;16
908;491;35
909;786;9
910;270;28
905;11200;45
905;360;24
911;530;18
912;260;10
913;408;27
908;486;28
904;6195;17
914;527;28
905;5160;15
915;224;16
915;225;26
916;310;30
904;3717;5
905;2100;35
917;61;13
918;200;30
919;1900;22
920;3130;46
921;280;46
922;8264;9
917;105;4
923;720;24
924;4800;30
890;206;39
925;1990;38
926;2230;28
917;700;46
927;6000;17
928;190;25
890;100;29
929;15000;41
890;357;48
930;2066;2
931;6000;5
932;3661;8
918;1239;18
933;2066;35
934;1219;41
931;6000;11
890;4100;14
935;14876;32
935;3024;2
918;616;32
931;1850;10
936;1186;32
937;907;4
931;5000;39
938;2520;8
939;1584;11
940;1000;6
941;449;27
942;967;46
943;413;25
944;14699;7
945;1240;28
946;5450;45
947;2500;42
948;1750;46
949;1000;9
950;800;24
951;17000;17
952;187;46
953;632;46
894;9057;10
954;2892;8
955;3800;44
955;1500;46
956;2272;27
888;817;48
957;5516;9
957;650;15
958;300;23
960;3363;18
961;2500;26
962;7438;5
963;186;20
964;506;47
965;2459;42
966;74535;48
961;24985;10
967;279196;41
968;2000;12
969;4180;46
969;350;19
970;4636;38
971;3200;24
972;636;14
964;1500;29
973;14104;36
974;1751;20
975;720;37
970;15689;44
967;1129;16
976;1147;24
977;200;31
978;3000;31
979;1800;7
953;1350;31
980;4098;3
975;800;19
981;1200;35
982;280;29
983;1932530;30
961;4920;37
984;245;13
985;983;35
986;413;40
987;413;13
988;413;48
989;1240;45
990;3141;39
960;3524;40
961;4100;32
991;491;42
978;1967;43
936;1639;23
902;114;31
992;163;22
993;800;27
994;126;37
936;295;24
995;182182;9
996;120369;39
997;15711;30
998;21601;41
999;256287;5
1000;7597;7
1001;3140;13
1002;101767;40
999;150000;6
1002;101767;33
962;7438;25
986;413;37
989;1240;11
936;1639;17
995;182182;27
996;120369;42
997;15711;12
998;21601;35
1004;2260;17
1005;9960;48
1006;1990;18
1007;74535;31
1008;2500;47
964;1500;7
1009;2403;20
967;1129;19
1010;5100;24
1011;4961;6
979;1800;16
953;1350;41
967;279196;26
978;3000;14
1012;114;46
1013;4098;23
1014;259;45
919;901;30
984;245;21
961;4920;21
1015;1925;34
1016;1600;39
1017;9600;44
1018;500;40
918;245;47
1020;123;25
1021;68;17
1022;4946;44
1023;2536;20
936;372;27
1024;900;26
961;4100;44
991;491;47
1025;445;39
1026;2665;32
1027;2040;46
993;800;2
994;126;14
936;295;29
996;127272;28
995;190910;7
1012;1500;27
962;1639;3
997;15454;28
998;20000;34
936;2000;20
1028;5000;25
999;556887;28
986;727;47
960;3564;24
1022;12500;6
978;984;38
1030;1229;22
1031;2500;48
1032;675;6
1033;1750;34
1034;800;42
1035;479;15
1036;95;1
1037;7910;32
960;3210;22
1006;666;16
1022;6250;29
1038;1000;2
1039;5500;3
1040;1029;46
1041;491;41
1042;298;44
1043;202;38
919;500;21
1044;2350;1
1045;409;18
962;3825;25
1022;15865;2
1000;2169;7
961;27721;21
1046;327;44
1047;10000;32
1048;410;19
1049;63;29
1050;1000;23
1051;367;34
1052;200;2
1018;409;15
967;600;12
970;3470;24
1053;525;10
1015;400;2
1054;12000;31
918;160;9
1055;498;37
1031;10000;9
957;1952;45
1056;5899;18
1057;2500;22
1052;900;8
1058;2868;45
1059;2726;44
1060;2688;32
1061;4000;23
969;3686;39
1062;1300;2
1056;5100;43
1063;684;16
1057;600;32
1064;7706;10
1065;65;38
1066;2459;8
1067;472;3
1068;2741;21
1031;5000;11
1069;250;36
1070;250;26
918;700;13
1071;2000;13
1072;305;12
967;1500;18
1026;1734;41
1073;195;2
1074;381;5
1075;5000;23
1076;770;7
1077;95;48
1078;100;42
1079;4545;46
1018;350;27
1080;1495;39
1031;2500;18
1081;614;30
1082;5000;19
1083;872;44
1084;1090;27
918;400;41
1015;409;8
1085;630;37
1010;2500;14
1010;1700;41
1087;10164;38
65;7967;32
1089;1080;42
1090;500;11
1091;2030;38
1092;300;16
1093;1122;29
1094;20240;26
1095;7651;48
1096;2665;47
1034;484;48
1056;5100;3
1014;250;38
1097;1008;13
1069;2600;23
1098;8100;6
1099;18400;11
1100;438;10
1101;240;31
1020;500;45
1063;180;24
1102;550;41
1103;3800;34
1104;1240;18
1105;600;25
1106;450;43
1026;1891;27
1025;110;4
1107;3560;46
1108;7373;10
1097;7900;40
1109;182;39
1110;143;31
1111;655;37
1112;4230;22
1113;2188;33
1114;459;39
1115;2450;48
1116;1156;6
978;2000;13
1117;1800;36
1118;2340;41
1025;423;22
1103;2000;27
1119;1740;26
1067;466;24
960;7043;46
1120;703;1
1120;328;32
1121;2000;44
1122;15000;5
917;200;41
1025;100;48
1123;819;3
1106;170;33
1124;4044;12
1125;3271;41
1126;2756;29
1127;1614;19
1031;980;36
1087;3000;18
1128;352;26
1083;186;24
1129;1806;43
1130;573;43
1131;317;2
1016;1818;1
890;127;42
1130;1639;30
936;630;26
1132;1200;33
1015;2095;1
1103;1319;46
1133;1872;41
1134;2000;45
1135;14999;17
65;27995;23
1137;1500;15
1138;2700;21
1056;1833;13
985;1850;7
1139;6557;4
1140;7377;21
1141;4098;8
1142;4098;5
1143;6967;42
1144;19700;48
1145;10000;2
1057;1500;23
1146;2428695;48
1147;165;24
1148;1500;2
1016;2700;37
1149;1155;45
1150;973;28
1151;1021;27
1152;4600;40
1153;4810;43
1154;1029;32
1155;785;1
1156;12295;21
1011;25776;19
1157;159;27
1158;4230;16
982;2450;3
1159;2410;14
1160;2459;22
889;3000;29
1161;16393;36
1162;3846;40
65;20240;32
1164;418;11
919;1008;35
1165;8817;6
65;14129;36
1166;959;11
1167;409;9
1162;2163;4
1162;3344;37
1168;7213;11
1168;15250;17
1168;7750;31
1169;396;45
1169;271;23
1170;720;25
1171;4270;37
919;2550;19
1172;500;21
1173;9310;32
1168;7500;27
1174;1800;27
1152;2295;35
931;5000;46
1016;3294;18
1175;9965;8
1176;9965;10
1177;31289;32
1178;401;2
1179;209;34
1180;124;43
918;81;11
1181;438;3
919;1100;18
1182;1545;10
1183;25;26
1184;150;45
1185;491;41
1186;15049;10
1187;1550;26
1188;2764;28
1189;99;8
1190;10245;13
1191;491;1
1192;1200;28
1193;476;22
936;340;32
1194;1000;33
1194;400;31
1195;583;14
1181;438;48
1196;243;18
1192;1200;38
1197;3522954;1
1198;2704;34
1199;600;26
1097;2000;21
978;1000;16
1198;6580;19
936;512;20
988;500;37
978;540;43
1200;2400;28
1201;2000;23
969;90;1
969;150;39
1198;6580;18
1202;15700;38
1203;24218;42
1204;2339;25
1069;3850;11
1044;2000;12
1205;833;4
1206;9720;16
1129;2300;23
1207;6480;39
936;1300;44
1208;9720;48
1209;1108;27
1097;4800;34
1198;6580;18
1198;6580;37
1210;1500;18
1211;1500;7
1198;13160;37
1212;1800;1
999;200934;32
969;4026;28
1213;1500;33
1198;15000;30
1214;1718;13
1215;335;15
1216;1939;14
1097;18000;46
1217;8204;6
999;25000;42
1218;12000;15
1103;704;27
1020;800;22
1103;4404;8
999;8600;43
999;32763;8
999;7126;48
1097;1500;30
1214;4492;7
983;7536;27
1219;2508;32
1220;700;12
1056;1081;39
1204;1847;2
1221;7200;33
1222;642;25
1071;2791;2
1223;2521;20
1224;1833;11
1225;2590;1
1224;151220;8
1186;7644;3
1226;150;36
991;3425;43
1181;438;8
1227;1400;3
918;818;34
918;900;4
1228;54489;34
1193;506;3
1194;400;34
890;163;40
918;100;19
918;122;25
1016;1818;12
889;1000;31
1229;2980;20
1193;423;10
919;1400;45
1230;690;37
1231;1323;35
1134;2681;43
1189;3381;34
1106;150;25
1232;7590;26
1233;3114;40
1234;1883;45
1235;6300;42
919;165;12
1212;350;15
1212;250;43
967;3491;6
1236;1500;24
936;1500;11
989;3000;33
999;3259;1
999;41135;1
995;191000;18
1237;127272;30
999;159799;28
998;19900;22
997;16500;37
1198;5049;14
1198;39500;28
960;1377;47
965;2459;40
978;1967;12
988;431;42
967;279196;40
1203;74535;24
1238;5000;18
1141;4098;7
1140;7377;47
1139;6577;31
986;727;47
985;1850;46
1198;1833;37
1239;2700;14
1128;352;2
1087;3000;21
1122;15000;18
960;7043;13
1119;1740;40
978;2000;46
65;101767;18
999;556887;4
1198;5100;21
1097;7900;10
1020;500;8
1069;2600;45
1097;1008;12
962;3825;18
1071;2000;45
1028;5000;39
969;3686;13
936;2000;8
996;127272;1
995;190910;22
1240;240;39
1241;4470;22
1241;4902;48
998;20000;8
1241;14400;27
997;15454;34
1242;750;48
961;27721;33
1243;1552;10
1244;8196;44
1236;1500;10
978;984;22
1096;3742;31
1245;4970;26
1096;4678;42
1096;2807;6
1246;4098;38
1067;459;28
974;510;27
1224;1300;39
1106;750;38
1248;3000;33
1073;240;9
1057;2500;13
1249;237327;14
1226;230;20
1250;61862;6
1251;800;32
1252;2880;14
1253;1132;6
1212;900;47
1212;1580;14
1254;2500;9
1226;249;30
1255;287;3
1256;94050;30
1257;174660;13
1258;19500;22
1259;19500;31
1260;6001;21
1261;136;13
1262;1315;21
1263;2493;39
1261;4865;17
1001;4729;1
1264;2701;2
1265;5000;32
1266;4151;6
1001;2358;31
1264;6660;12
1267;700;2
1242;371;3
1266;6851;13
1268;1435;20
1269;154;4
1270;3330;30
1267;666;25
1264;8325;16
1271;6219;7
1269;382;12
1271;9732;28
1269;287;36
1265;5000;15
1266;6851;12
1144;19700;10
1267;666;32
1106;270;48
1272;90900;43
1130;1639;44
974;622;12
1273;156;47
1001;590;27
1274;600;35
1001;2921;17
1215;335;12
1120;1031;7
1275;275;6
1275;150;20
1224;147631;22
1224;147631;42
1224;147631;20
1224;147631;47
1276;142830;3
1224;147631;33
1224;147631;11
1277;147631;33
1224;147631;43
1224;147631;24
1278;338;28
1224;151220;41
1278;342;19
1276;29977;38
1279;40;42
1276;12849;27
1182;1050;2
1079;5500;42
1016;2200;7
1057;200;17
1280;600;3
1281;270;24
1282;5500;10
1283;3900;33
1097;600;43
1284;440;26
1284;1400;21
978;2000;8
978;990;34
978;1300;41
1285;5800;35
988;409;18
1213;3000;35
1286;3000;26
1287;55000;17
1288;614;25
1289;450;15
1290;9000;13
1284;600;32
1291;580;7
1292;2080;45
1285;5000;31
1288;432;41
1293;1980;41
997;10909;4
1294;13636;11
1155;161;12
995;191000;35
969;3382;4
1293;3754;35
1295;110000;25
1296;950;37
1297;950;32
936;990;22
978;2000;45
1293;3278;32
969;165;9
1298;4510;14
1257;15000;35
1285;1630;1
1209;1311;24
1197;3522954;7
1198;2704;2
1199;600;14
1097;2000;23
978;1000;44
1198;6580;46
936;512;13
988;500;11
978;540;41
1201;200;39
969;90;28
969;150;10
1259;19500;38
1258;19500;16
1198;6580;4
1007;24216;12
1098;2339;23
1069;3850;15
1206;9720;29
1207;6480;18
1208;9720;34
1097;4800;17
1299;6580;19
999;200934;42
969;4026;10
1213;4500;35
1198;1500;38
999;25000;11
1218;12000;2
1020;800;39
1012;1500;33
936;1500;45
1176;9995;21
1175;9995;1
995;191000;3
997;16500;23
1237;127272;1
998;19900;33
1238;5000;44
1141;4098;40
1140;7377;3
1300;1800;10
1301;1000;45
1276;432;13
1180;800;45
1302;2459;37
1301;1100;29
1303;1800;30
1214;1844;41
957;503;35
1304;5256;6
1139;6557;12
985;1850;36
1138;2700;4
1122;15000;38
1097;1008;46
967;279196;43
1007;74535;6
1054;1500;34
1054;8000;32
1305;152;20
936;258;41
936;778;24
1306;5454;6
1307;668;40
1308;750;34
1307;2234;5
1090;2336;3
1309;49;10
1281;327;47
1310;16407;36
1311;18661;37
1155;2000;24
1312;300;6
1313;29758;29
1314;1200;29
1315;537;28
1316;85;31
936;950;36
1318;10400;34
1319;30000;10
1320;4545;27
1321;527;14
1322;1022;2
1323;131;25
1324;5100;47
1155;220;22
1303;1100;9
1159;3600;10
1325;177;47
1326;600;9
1327;511;6
1328;1005;1
1329;245;6
936;773;18
957;614;32
1329;327;8
1001;4360;12
1001;5500;6
1330;3500;30
1331;2282;43
1332;2601;40
1333;3153;13
1334;24000;42
1336;600;36
1338;4761;30
1339;700;48
967;5400;30
1339;2500;17
1103;3610;28
1097;800;21
967;14538;36
1340;8350;35
1341;1000;30
1083;160;27
1057;9170;44
1252;1840;2
1130;1100;8
1073;272;39
969;1260;11
1057;16656;35
1342;75;26
1197;612;4
1057;1200;29
1140;600;6
1343;15278;26
1344;6882;18
1057;700;12
1345;1250;44
1103;8525;41
1346;3114;11
1224;1136;1
1347;16500;11
1348;3350;37
1349;4500;29
1102;1529;3
1350;516;16
1351;2000;40
1097;830;19
1352;750;21
1103;2786;7
1103;950;45
1354;1800;47
1342;75;29
1044;6500;14
1057;2500;1
1342;335;6
974;810;45
1169;451;47
1169;548;42
1355;1872;43
1274;2403;22
1356;20;13
1171;9033;8
1357;39927;11
1358;10892;19
1359;2622;23
1360;510;36
1361;3245;12
1362;321;42
1363;8231;31
1358;27406;15
1363;13734;4
1274;2500;45
1358;20378;39
1363;9545;29
1364;19785;21
1252;1680;44
1044;2000;45
1216;1935;28
1365;3114;19
1366;73890;12
1367;94874;40
1368;297223;26
1177;31289;14
1369;1549116;16
1370;67;13
1371;114037;10
1372;1446;43
1373;3505;20
1374;2590;15
1375;2049;14
1376;360;19
1373;1500;32
1372;8675;45
1374;10700;15
1377;5431;40
1378;6148;7
1379;3900;31
1380;400;13
1381;3300;14
1382;35827;10
1383;22156;33
1384;15601;36
1380;3300;22
1385;10000;25
1386;200;34
1387;4500;34
1388;2377;17
1389;246;48
1390;2870;29
1373;11382;46
1391;1060;34
1392;1150;28
1393;959;48
1376;250;7
1380;1200;46
1394;180;36
1395;2500;26
1396;280;7
1397;1450;35
1373;16000;34
1398;3145;7
1399;1214;32
1371;34870;20
1371;9209;43
1392;500;41
1380;220;35
120;672;8
1400;1400;39
1401;2300;3
1402;213;23
1403;301;43
1404;70;20
1405;328;27
1406;400;48
1371;1639;45
1392;500;19
1407;400;7
1408;668;4
1409;3278;13
1410;2041;48
1172;63;2
1172;110;34
1411;330;25
1408;312;17
1412;200;35
1413;96;42
1414;1640;41
1415;427;7
1416;8070;28
1378;9500;36
1417;5082;32
1387;12000;36
1418;32963;48
1419;78;36
1420;19997;11
1408;499;41
1172;332;13
1421;147;38
1422;1040;23
1391;1804;45
1172;109;48
1391;1695;24
1423;317;34
1424;390;26
1035;3000;29
1425;8028;39
1426;500;2
1425;1880;15
1426;500;22
1427;1000;1
1428;7000;41
1399;400;10
1429;1000;26
1430;2000;29
1387;294;10
1387;260;5
1387;294;40
1387;1000;40
1431;407;21
1432;222;3
1432;136;17
1432;300;18
1432;500;25
1433;242;20
1434;182;30
1414;700;14
1435;1000;7
1436;727;18
1437;8000;9
1438;14055;28
1439;240;6
1420;34732;15
1440;223522;3
1441;3906390;10
1443;223812;1
1444;164144;1
1445;2677049;3
1446;3204646;2
1447;39608;1
1448;356694;1
1449;813937;6
1450;496699;12
1451;93000;10
1452;876639;34
1453;1200000;1
1454;751069;11
1455;751069;11
1456;727272;1
1457;485842;10
1458;466531;13
1459;175000;3
1460;2036714;6
1458;41967;2
1461;529871;1
1441;411438;34
1463;907262;2
1418;35138;1
1464;26792;1
1465;129540;1
1466;478618;37
1467;1325000;3
1468;679097;1
1469;1425030;10
1470;394100;10
1471;3303873;11
1472;3303873;11
1473;3303873;11
1458;3371244;37
1475;1749795;6
1476;167312;21
1477;2467424;35
1478;1257244;6
1479;37500;13
1480;2487581;6
1441;1604771;8
1481;756975;1
1482;892995;1
1482;607446;1
1483;160000;3
1484;2756257;3
1485;2864131;8
1486;792950;10
1477;342187;13
1487;1671857;12
1488;1450000;11
1489;4281502;36
1490;97000;6
1491;1169976;1
1492;793172;1
1493;1075000;34
1494;2130089;6
1495;3821228;34
1496;2892549;3
1497;47010;41
1498;1275000;8
1499;1528169;34
1500;1867776;11
1501;1867776;11
1502;943000;10
1503;1434200;6
1504;1434200;6
1505;1690000;19
1506;793852;19
1507;621454;3
1508;1227906;2
1509;2782650;34
1510;1044952;19
1511;150000;3
1458;48943;2
1512;749791;1
1513;528845;45
1514;7815822;2
1515;713663;1
1516;615202;9
1517;1228489;10
1518;1228489;10
1519;1926078;17
1520;1148302;13
1521;16590904;1
1522;211196;1
1523;64088;6
1524;1841284;2
1525;2390000;41
1526;1702441;3
1527;1707943;3
1528;15224302;1
1529;5923512;6
1530;828642;11
1531;760509;13
1532;1539297;6
1533;1229615;6
1534;1071000;11
1535;2013662;8
1536;19807520;11
1537;338303;3
1538;250000;3
1539;106247;1
1540;104168;2
1541;163913;1
1542;499550;6
1543;354053;13
1544;124539;1
1545;226838;3
1477;305923;1
1546;198160;3
1547;760509;13
1548;1616371;9
1549;44642;1
1550;385083;1
1551;1060000;6
1552;220815;3
1553;3692110;32
1554;1744647;1
1477;1650001;1
1555;467621;32
1556;1590000;1
1557;1549466;19
1558;309511;3
1559;1470438;1
1560;4447618;12
1561;626526;24
1562;144055;1
1563;2039312;3
1564;1243825;10
1565;1535108;10
1566;2732586;6
1567;155000;1
1568;173485;13
1569;1915472;1
1570;405399;3
1571;469778;1
1516;3835707;16
1572;444695;12
1573;2132401;43
1574;118774;1
1575;802128;11
1576;1793756;2
1513;508894;13
1577;1029835;1
1578;1617641;2
1579;610827;2
1580;604085;19
65;1585674;3
1477;342187;13
1582;1510000;2
1583;180378;43
1584;419250;11
1585;200987;6
1586;40000;6
1587;31293;2
1588;2806432;7
1589;5064106;43
1590;1153357;11
1591;7640337;6
1592;1994343;10
1593;109789;3
1594;2285593;3
1595;2714401;37
1596;1311766;8
1597;622195;2
1598;2649346;1
1599;223777;45
1600;98920;1
1601;994694;6
1602;1246715;6
1603;711500;3
1604;5830179;45
1605;37500;2
1596;1424069;1
1606;100000;3
1607;450000;3
1458;69027;2
1608;44642;1
1609;1108474;41
1610;352738;11
1611;2106472;7
1541;1414036;9
1612;2127500;38
1613;620477;12
1614;1114643;9
1615;987277;34
1616;118272;2
1617;84408;1
1618;510215;1
1619;57431;1
1620;118000;13
1621;779275;1
1468;967207;1
1622;370558;1
1623;1366688;6
1624;665705;10
1625;1793660;3
1600;7869035;6
1626;825380;1
1627;821903;1
1628;116335;2
1629;1420300;10
1630;19269670;7
1600;1375228;1
1631;292126;45
1632;1285483;1
1633;640785;2
1634;441114;1
1635;74331;13
1636;3770000;2
1637;5900000;10
1638;179383;3
4;15409;4
4;15409;1
4;15409;17
4;15409;19
1638;179383;37
1636;3770000;11
1635;74331;45
1634;441114;3
1634;441114;6
1634;441114;10
1632;1285483;4
1632;1285483;17
1632;1285483;19
1631;292126;13
1600;1375228;3
1600;1375228;6
1600;1375228;10
1600;1375228;37
1629;1420300;3
1626;825380;3
65;825380;9
1626;825380;19
1623;1366688;10
1624;665705;3
1625;1793660;11
4;15409;4
4;15409;17
4;15409;19
10;7922;4
10;7922;17
10;7922;19
19;6180;4
19;6180;17
19;6180;19
418;16350;41
1610;352738;11
418;16350;43
1604;5830179;19
1589;5064106;35
1578;1617641;3
1571;469778;9
1564;1243825;2
1564;1243825;3
1564;1243825;6
1562;144055;10
1562;144055;3
1562;144055;6
1559;1470438;20
1477;1650001;11
1548;1616371;41
1541;163913;10
1541;163913;3
1535;2013662;37
1528;15224302;10
1535;2013662;43
1528;15224302;11
1528;15224302;3
1528;15224302;26
1528;15224302;19
1521;16590904;10
1521;16590904;11
1521;16590904;3
1521;16590904;32
1521;16590904;40
1521;16590904;42
1514;7815822;41
1514;7815822;16
1514;7815822;17
1514;7815822;43
1514;7815822;18
1505;1690000;11
1505;1690000;41
1505;1690000;16
1505;1690000;43
1489;4281502;13
1489;4281502;3
1489;4281502;8
1489;4281502;34
1489;4281502;36
1487;1671857;12
1487;1671857;13
1487;1671857;3
1487;1671857;34
1482;892995;10
65;892995;3
1482;892995;6
1482;892995;37
957;650;2
957;650;11
223;1244569;7
959;30000;46
1003;56846;42
1014;259;45
1014;250;38
1019;25968;45
1029;56987;36
1029;78541;41
1029;25596;45
1086;300;22
1086;1326;3
1086;450;16
1086;12596;16
1086;1250;13
1086;450;20
1086;1393;28
1086;54415;28
1086;25157;21
1086;150;7
1086;61264;19
1247;3938;27
1247;729;46
1247;45559;12
1317;56284;1
1317;89456;25
1335;450;7
1337;24563;12
1353;1200;35
1353;2868;45
1353;2868;42
1353;1300;28
1442;56985;35
1442;39412;17
1442;104085;8
1462;68864;1
1474;45689;25
65;15865;2
1474;21694;7
1474;27721;21
65;39520;25
